epoch_idx,batch_idx,feature_name,hit_cnt,total_cnt,insert_cnt,collision_cnt,hit_rate,insert_rate,collision_rate,rank_total_cnt
0,0,movie_id,0,10889,10889,0,0.0,1.0,0.0,"{""3"": 0, ""2"": 0, ""0"": 10889, ""1"": 0}"
0,0,movie_rating,0,10249,10249,0,0.0,1.0,0.0,"{""3"": 0, ""2"": 0, ""0"": 10249, ""1"": 0}"
0,0,user_id,0,64,64,0,0.0,1.0,0.0,"{""3"": 0, ""2"": 0, ""0"": 64, ""1"": 0}"
0,0,sex,0,64,64,0,0.0,1.0,0.0,"{""3"": 0, ""2"": 0, ""0"": 64, ""1"": 0}"
0,0,age_group,0,64,64,0,0.0,1.0,0.0,"{""3"": 0, ""2"": 0, ""0"": 64, ""1"": 0}"
0,0,occupation,0,64,64,0,0.0,1.0,0.0,"{""3"": 0, ""2"": 0, ""0"": 64, ""1"": 0}"
0,0,zip_code,0,64,64,0,0.0,1.0,0.0,"{""3"": 0, ""2"": 0, ""0"": 64, ""1"": 0}"
0,1,movie_id,12335,12911,576,0,0.9553868794051584,0.044613120594841606,0.0,"{""3"": 0, ""2"": 0, ""0"": 12911, ""1"": 0}"
0,1,movie_rating,12271,12271,0,0,1.0,0.0,0.0,"{""3"": 0, ""2"": 0, ""0"": 12271, ""1"": 0}"
0,1,user_id,0,64,64,0,0.0,1.0,0.0,"{""3"": 0, ""2"": 0, ""0"": 64, ""1"": 0}"
0,1,sex,64,64,0,0,1.0,0.0,0.0,"{""3"": 0, ""2"": 0, ""0"": 64, ""1"": 0}"
0,1,age_group,64,64,0,0,1.0,0.0,0.0,"{""3"": 0, ""2"": 0, ""0"": 64, ""1"": 0}"
0,1,occupation,61,64,3,0,0.953125,0.046875,0.0,"{""3"": 0, ""2"": 0, ""0"": 64, ""1"": 0}"
0,1,zip_code,2,64,62,0,0.03125,0.96875,0.0,"{""3"": 0, ""2"": 0, ""0"": 64, ""1"": 0}"
0,2,movie_id,9930,10180,250,0,0.9754420432220039,0.02455795677799607,0.0,"{""2"": 0, ""0"": 10180, ""3"": 0, ""1"": 0}"
0,2,movie_rating,9540,9540,0,0,1.0,0.0,0.0,"{""2"": 0, ""0"": 9540, ""3"": 0, ""1"": 0}"
0,2,user_id,0,64,64,0,0.0,1.0,0.0,"{""2"": 0, ""0"": 64, ""3"": 0, ""1"": 0}"
0,2,sex,64,64,0,0,1.0,0.0,0.0,"{""2"": 0, ""0"": 64, ""3"": 0, ""1"": 0}"
0,2,age_group,64,64,0,0,1.0,0.0,0.0,"{""2"": 0, ""0"": 64, ""3"": 0, ""1"": 0}"
0,2,occupation,62,64,2,0,0.96875,0.03125,0.0,"{""2"": 0, ""0"": 64, ""3"": 0, ""1"": 0}"
0,2,zip_code,9,64,55,0,0.140625,0.859375,0.0,"{""2"": 0, ""0"": 64, ""3"": 0, ""1"": 0}"
0,3,movie_id,9725,10013,288,0,0.9712373913911915,0.028762608608808547,0.0,"{""2"": 0, ""0"": 10013, ""1"": 0, ""3"": 0}"
0,3,movie_rating,9373,9373,0,0,1.0,0.0,0.0,"{""2"": 0, ""0"": 9373, ""1"": 0, ""3"": 0}"
0,3,user_id,0,64,64,0,0.0,1.0,0.0,"{""2"": 0, ""0"": 64, ""1"": 0, ""3"": 0}"
0,3,sex,64,64,0,0,1.0,0.0,0.0,"{""2"": 0, ""0"": 64, ""1"": 0, ""3"": 0}"
0,3,age_group,64,64,0,0,1.0,0.0,0.0,"{""2"": 0, ""0"": 64, ""1"": 0, ""3"": 0}"
0,3,occupation,64,64,0,0,1.0,0.0,0.0,"{""2"": 0, ""0"": 64, ""1"": 0, ""3"": 0}"
0,3,zip_code,6,64,58,0,0.09375,0.90625,0.0,"{""2"": 0, ""0"": 64, ""1"": 0, ""3"": 0}"
0,4,movie_id,11103,11158,55,0,0.9950708012188564,0.004929198781143574,0.0,"{""2"": 0, ""1"": 0, ""3"": 0, ""0"": 11158}"
0,4,movie_rating,10518,10518,0,0,1.0,0.0,0.0,"{""2"": 0, ""1"": 0, ""3"": 0, ""0"": 10518}"
0,4,user_id,0,64,64,0,0.0,1.0,0.0,"{""2"": 0, ""1"": 0, ""3"": 0, ""0"": 64}"
0,4,sex,64,64,0,0,1.0,0.0,0.0,"{""2"": 0, ""1"": 0, ""3"": 0, ""0"": 64}"
0,4,age_group,64,64,0,0,1.0,0.0,0.0,"{""2"": 0, ""1"": 0, ""3"": 0, ""0"": 64}"
0,4,occupation,64,64,0,0,1.0,0.0,0.0,"{""2"": 0, ""1"": 0, ""3"": 0, ""0"": 64}"
0,4,zip_code,9,64,55,0,0.140625,0.859375,0.0,"{""2"": 0, ""1"": 0, ""3"": 0, ""0"": 64}"
0,5,movie_id,11292,11378,86,0,0.9924415538759008,0.007558446124099139,0.0,"{""2"": 0, ""3"": 0, ""1"": 0, ""0"": 11378}"
0,5,movie_rating,10738,10738,0,0,1.0,0.0,0.0,"{""2"": 0, ""3"": 0, ""1"": 0, ""0"": 10738}"
0,5,user_id,0,64,64,0,0.0,1.0,0.0,"{""2"": 0, ""3"": 0, ""1"": 0, ""0"": 64}"
0,5,sex,64,64,0,0,1.0,0.0,0.0,"{""2"": 0, ""3"": 0, ""1"": 0, ""0"": 64}"
0,5,age_group,64,64,0,0,1.0,0.0,0.0,"{""2"": 0, ""3"": 0, ""1"": 0, ""0"": 64}"
0,5,occupation,64,64,0,0,1.0,0.0,0.0,"{""2"": 0, ""3"": 0, ""1"": 0, ""0"": 64}"
0,5,zip_code,8,64,56,0,0.125,0.875,0.0,"{""2"": 0, ""3"": 0, ""1"": 0, ""0"": 64}"
0,6,movie_id,12323,12374,51,0,0.9958784548246323,0.004121545175367706,0.0,"{""0"": 12374, ""2"": 0, ""3"": 0, ""1"": 0}"
0,6,movie_rating,11734,11734,0,0,1.0,0.0,0.0,"{""0"": 11734, ""2"": 0, ""3"": 0, ""1"": 0}"
0,6,user_id,0,64,64,0,0.0,1.0,0.0,"{""0"": 64, ""2"": 0, ""3"": 0, ""1"": 0}"
0,6,sex,64,64,0,0,1.0,0.0,0.0,"{""0"": 64, ""2"": 0, ""3"": 0, ""1"": 0}"
0,6,age_group,64,64,0,0,1.0,0.0,0.0,"{""0"": 64, ""2"": 0, ""3"": 0, ""1"": 0}"
0,6,occupation,64,64,0,0,1.0,0.0,0.0,"{""0"": 64, ""2"": 0, ""3"": 0, ""1"": 0}"
0,6,zip_code,8,64,56,0,0.125,0.875,0.0,"{""0"": 64, ""2"": 0, ""3"": 0, ""1"": 0}"
0,7,movie_id,11540,11563,23,0,0.9980108968260832,0.0019891031739168036,0.0,"{""2"": 0, ""1"": 0, ""3"": 0, ""0"": 11563}"
0,7,movie_rating,10923,10923,0,0,1.0,0.0,0.0,"{""2"": 0, ""1"": 0, ""3"": 0, ""0"": 10923}"
0,7,user_id,0,64,64,0,0.0,1.0,0.0,"{""2"": 0, ""1"": 0, ""3"": 0, ""0"": 64}"
0,7,sex,64,64,0,0,1.0,0.0,0.0,"{""2"": 0, ""1"": 0, ""3"": 0, ""0"": 64}"
0,7,age_group,64,64,0,0,1.0,0.0,0.0,"{""2"": 0, ""1"": 0, ""3"": 0, ""0"": 64}"
0,7,occupation,64,64,0,0,1.0,0.0,0.0,"{""2"": 0, ""1"": 0, ""3"": 0, ""0"": 64}"
0,7,zip_code,6,64,58,0,0.09375,0.90625,0.0,"{""2"": 0, ""1"": 0, ""3"": 0, ""0"": 64}"
0,8,movie_id,10442,10485,43,0,0.9958989031950405,0.004101096804959466,0.0,"{""2"": 0, ""1"": 0, ""3"": 0, ""0"": 10485}"
0,8,movie_rating,9845,9845,0,0,1.0,0.0,0.0,"{""2"": 0, ""1"": 0, ""3"": 0, ""0"": 9845}"
0,8,user_id,0,64,64,0,0.0,1.0,0.0,"{""2"": 0, ""1"": 0, ""3"": 0, ""0"": 64}"
0,8,sex,64,64,0,0,1.0,0.0,0.0,"{""2"": 0, ""1"": 0, ""3"": 0, ""0"": 64}"
0,8,age_group,64,64,0,0,1.0,0.0,0.0,"{""2"": 0, ""1"": 0, ""3"": 0, ""0"": 64}"
0,8,occupation,64,64,0,0,1.0,0.0,0.0,"{""2"": 0, ""1"": 0, ""3"": 0, ""0"": 64}"
0,8,zip_code,7,64,57,0,0.109375,0.890625,0.0,"{""2"": 0, ""1"": 0, ""3"": 0, ""0"": 64}"
0,9,movie_id,9920,9935,15,0,0.9984901862103673,0.001509813789632612,0.0,"{""2"": 0, ""0"": 9935, ""3"": 0, ""1"": 0}"
0,9,movie_rating,9295,9295,0,0,1.0,0.0,0.0,"{""2"": 0, ""0"": 9295, ""3"": 0, ""1"": 0}"
0,9,user_id,0,64,64,0,0.0,1.0,0.0,"{""2"": 0, ""0"": 64, ""3"": 0, ""1"": 0}"
0,9,sex,64,64,0,0,1.0,0.0,0.0,"{""2"": 0, ""0"": 64, ""3"": 0, ""1"": 0}"
0,9,age_group,64,64,0,0,1.0,0.0,0.0,"{""2"": 0, ""0"": 64, ""3"": 0, ""1"": 0}"
0,9,occupation,64,64,0,0,1.0,0.0,0.0,"{""2"": 0, ""0"": 64, ""3"": 0, ""1"": 0}"
0,9,zip_code,6,64,58,0,0.09375,0.90625,0.0,"{""2"": 0, ""0"": 64, ""3"": 0, ""1"": 0}"
0,10,movie_id,9518,9531,13,0,0.9986360297975029,0.0013639702024971147,0.0,"{""2"": 0, ""3"": 0, ""0"": 9531, ""1"": 0}"
0,10,movie_rating,8891,8891,0,0,1.0,0.0,0.0,"{""2"": 0, ""3"": 0, ""0"": 8891, ""1"": 0}"
0,10,user_id,0,64,64,0,0.0,1.0,0.0,"{""2"": 0, ""3"": 0, ""0"": 64, ""1"": 0}"
0,10,sex,64,64,0,0,1.0,0.0,0.0,"{""2"": 0, ""3"": 0, ""0"": 64, ""1"": 0}"
0,10,age_group,64,64,0,0,1.0,0.0,0.0,"{""2"": 0, ""3"": 0, ""0"": 64, ""1"": 0}"
0,10,occupation,63,64,1,0,0.984375,0.015625,0.0,"{""2"": 0, ""3"": 0, ""0"": 64, ""1"": 0}"
0,10,zip_code,17,64,47,0,0.265625,0.734375,0.0,"{""2"": 0, ""3"": 0, ""0"": 64, ""1"": 0}"
0,11,movie_id,10691,10710,19,0,0.9982259570494865,0.0017740429505135387,0.0,"{""2"": 0, ""0"": 10710, ""3"": 0, ""1"": 0}"
0,11,movie_rating,10070,10070,0,0,1.0,0.0,0.0,"{""2"": 0, ""0"": 10070, ""3"": 0, ""1"": 0}"
0,11,user_id,0,64,64,0,0.0,1.0,0.0,"{""2"": 0, ""0"": 64, ""3"": 0, ""1"": 0}"
0,11,sex,64,64,0,0,1.0,0.0,0.0,"{""2"": 0, ""0"": 64, ""3"": 0, ""1"": 0}"
0,11,age_group,64,64,0,0,1.0,0.0,0.0,"{""2"": 0, ""0"": 64, ""3"": 0, ""1"": 0}"
0,11,occupation,64,64,0,0,1.0,0.0,0.0,"{""2"": 0, ""0"": 64, ""3"": 0, ""1"": 0}"
0,11,zip_code,14,64,50,0,0.21875,0.78125,0.0,"{""2"": 0, ""0"": 64, ""3"": 0, ""1"": 0}"
0,12,movie_id,11912,11936,24,0,0.9979892761394102,0.0020107238605898124,0.0,"{""2"": 0, ""3"": 0, ""0"": 11936, ""1"": 0}"
0,12,movie_rating,11296,11296,0,0,1.0,0.0,0.0,"{""2"": 0, ""3"": 0, ""0"": 11296, ""1"": 0}"
0,12,user_id,0,64,64,0,0.0,1.0,0.0,"{""2"": 0, ""3"": 0, ""0"": 64, ""1"": 0}"
0,12,sex,64,64,0,0,1.0,0.0,0.0,"{""2"": 0, ""3"": 0, ""0"": 64, ""1"": 0}"
0,12,age_group,64,64,0,0,1.0,0.0,0.0,"{""2"": 0, ""3"": 0, ""0"": 64, ""1"": 0}"
0,12,occupation,64,64,0,0,1.0,0.0,0.0,"{""2"": 0, ""3"": 0, ""0"": 64, ""1"": 0}"
0,12,zip_code,12,64,52,0,0.1875,0.8125,0.0,"{""2"": 0, ""3"": 0, ""0"": 64, ""1"": 0}"
0,13,movie_id,10972,10979,7,0,0.9993624191638583,0.0006375808361417251,0.0,"{""0"": 10979, ""3"": 0, ""2"": 0, ""1"": 0}"
0,13,movie_rating,10339,10339,0,0,1.0,0.0,0.0,"{""0"": 10339, ""3"": 0, ""2"": 0, ""1"": 0}"
0,13,user_id,0,64,64,0,0.0,1.0,0.0,"{""0"": 64, ""3"": 0, ""2"": 0, ""1"": 0}"
0,13,sex,64,64,0,0,1.0,0.0,0.0,"{""0"": 64, ""3"": 0, ""2"": 0, ""1"": 0}"
0,13,age_group,64,64,0,0,1.0,0.0,0.0,"{""0"": 64, ""3"": 0, ""2"": 0, ""1"": 0}"
0,13,occupation,64,64,0,0,1.0,0.0,0.0,"{""0"": 64, ""3"": 0, ""2"": 0, ""1"": 0}"
0,13,zip_code,15,64,49,0,0.234375,0.765625,0.0,"{""0"": 64, ""3"": 0, ""2"": 0, ""1"": 0}"
0,14,movie_id,11709,11737,28,0,0.9976143818693022,0.0023856181306977932,0.0,"{""2"": 0, ""3"": 0, ""0"": 11737, ""1"": 0}"
0,14,movie_rating,11097,11097,0,0,1.0,0.0,0.0,"{""2"": 0, ""3"": 0, ""0"": 11097, ""1"": 0}"
0,14,user_id,0,64,64,0,0.0,1.0,0.0,"{""2"": 0, ""3"": 0, ""0"": 64, ""1"": 0}"
0,14,sex,64,64,0,0,1.0,0.0,0.0,"{""2"": 0, ""3"": 0, ""0"": 64, ""1"": 0}"
0,14,age_group,64,64,0,0,1.0,0.0,0.0,"{""2"": 0, ""3"": 0, ""0"": 64, ""1"": 0}"
0,14,occupation,64,64,0,0,1.0,0.0,0.0,"{""2"": 0, ""3"": 0, ""0"": 64, ""1"": 0}"
0,14,zip_code,15,64,49,0,0.234375,0.765625,0.0,"{""2"": 0, ""3"": 0, ""0"": 64, ""1"": 0}"
0,15,movie_id,10216,10225,9,0,0.999119804400978,0.0008801955990220049,0.0,"{""2"": 0, ""3"": 0, ""1"": 0, ""0"": 10225}"
0,15,movie_rating,9585,9585,0,0,1.0,0.0,0.0,"{""2"": 0, ""3"": 0, ""1"": 0, ""0"": 9585}"
0,15,user_id,0,64,64,0,0.0,1.0,0.0,"{""2"": 0, ""3"": 0, ""1"": 0, ""0"": 64}"
0,15,sex,64,64,0,0,1.0,0.0,0.0,"{""2"": 0, ""3"": 0, ""1"": 0, ""0"": 64}"
0,15,age_group,64,64,0,0,1.0,0.0,0.0,"{""2"": 0, ""3"": 0, ""1"": 0, ""0"": 64}"
0,15,occupation,64,64,0,0,1.0,0.0,0.0,"{""2"": 0, ""3"": 0, ""1"": 0, ""0"": 64}"
0,15,zip_code,11,64,53,0,0.171875,0.828125,0.0,"{""2"": 0, ""3"": 0, ""1"": 0, ""0"": 64}"
0,16,movie_id,8700,8710,10,0,0.9988518943742825,0.001148105625717566,0.0,"{""2"": 0, ""0"": 8710, ""1"": 0, ""3"": 0}"
0,16,movie_rating,8070,8070,0,0,1.0,0.0,0.0,"{""2"": 0, ""0"": 8070, ""1"": 0, ""3"": 0}"
0,16,user_id,0,64,64,0,0.0,1.0,0.0,"{""2"": 0, ""0"": 64, ""1"": 0, ""3"": 0}"
0,16,sex,64,64,0,0,1.0,0.0,0.0,"{""2"": 0, ""0"": 64, ""1"": 0, ""3"": 0}"
0,16,age_group,64,64,0,0,1.0,0.0,0.0,"{""2"": 0, ""0"": 64, ""1"": 0, ""3"": 0}"
0,16,occupation,64,64,0,0,1.0,0.0,0.0,"{""2"": 0, ""0"": 64, ""1"": 0, ""3"": 0}"
0,16,zip_code,15,64,49,0,0.234375,0.765625,0.0,"{""2"": 0, ""0"": 64, ""1"": 0, ""3"": 0}"
0,17,movie_id,11539,11546,7,0,0.9993937294301056,0.0006062705698943357,0.0,"{""3"": 0, ""2"": 0, ""1"": 0, ""0"": 11546}"
0,17,movie_rating,10906,10906,0,0,1.0,0.0,0.0,"{""3"": 0, ""2"": 0, ""1"": 0, ""0"": 10906}"
0,17,user_id,0,64,64,0,0.0,1.0,0.0,"{""3"": 0, ""2"": 0, ""1"": 0, ""0"": 64}"
0,17,sex,64,64,0,0,1.0,0.0,0.0,"{""3"": 0, ""2"": 0, ""1"": 0, ""0"": 64}"
0,17,age_group,64,64,0,0,1.0,0.0,0.0,"{""3"": 0, ""2"": 0, ""1"": 0, ""0"": 64}"
0,17,occupation,64,64,0,0,1.0,0.0,0.0,"{""3"": 0, ""2"": 0, ""1"": 0, ""0"": 64}"
0,17,zip_code,18,64,46,0,0.28125,0.71875,0.0,"{""3"": 0, ""2"": 0, ""1"": 0, ""0"": 64}"
0,18,movie_id,13675,13688,13,0,0.9990502630040912,0.0009497369959088252,0.0,"{""2"": 0, ""3"": 0, ""1"": 0, ""0"": 13688}"
0,18,movie_rating,13048,13048,0,0,1.0,0.0,0.0,"{""2"": 0, ""3"": 0, ""1"": 0, ""0"": 13048}"
0,18,user_id,0,64,64,0,0.0,1.0,0.0,"{""2"": 0, ""3"": 0, ""1"": 0, ""0"": 64}"
0,18,sex,64,64,0,0,1.0,0.0,0.0,"{""2"": 0, ""3"": 0, ""1"": 0, ""0"": 64}"
0,18,age_group,64,64,0,0,1.0,0.0,0.0,"{""2"": 0, ""3"": 0, ""1"": 0, ""0"": 64}"
0,18,occupation,64,64,0,0,1.0,0.0,0.0,"{""2"": 0, ""3"": 0, ""1"": 0, ""0"": 64}"
0,18,zip_code,19,64,45,0,0.296875,0.703125,0.0,"{""2"": 0, ""3"": 0, ""1"": 0, ""0"": 64}"
0,19,movie_id,12373,12378,5,0,0.9995960575214089,0.00040394247859104864,0.0,"{""2"": 0, ""1"": 0, ""3"": 0, ""0"": 12378}"
0,19,movie_rating,11738,11738,0,0,1.0,0.0,0.0,"{""2"": 0, ""1"": 0, ""3"": 0, ""0"": 11738}"
0,19,user_id,0,64,64,0,0.0,1.0,0.0,"{""2"": 0, ""1"": 0, ""3"": 0, ""0"": 64}"
0,19,sex,64,64,0,0,1.0,0.0,0.0,"{""2"": 0, ""1"": 0, ""3"": 0, ""0"": 64}"
0,19,age_group,64,64,0,0,1.0,0.0,0.0,"{""2"": 0, ""1"": 0, ""3"": 0, ""0"": 64}"
0,19,occupation,64,64,0,0,1.0,0.0,0.0,"{""2"": 0, ""1"": 0, ""3"": 0, ""0"": 64}"
0,19,zip_code,14,64,50,0,0.21875,0.78125,0.0,"{""2"": 0, ""1"": 0, ""3"": 0, ""0"": 64}"
0,20,movie_id,9564,9569,5,0,0.9994774793604347,0.0005225206395652628,0.0,"{""2"": 0, ""1"": 0, ""3"": 0, ""0"": 9569}"
0,20,movie_rating,8929,8929,0,0,1.0,0.0,0.0,"{""2"": 0, ""1"": 0, ""3"": 0, ""0"": 8929}"
0,20,user_id,0,64,64,0,0.0,1.0,0.0,"{""2"": 0, ""1"": 0, ""3"": 0, ""0"": 64}"
0,20,sex,64,64,0,0,1.0,0.0,0.0,"{""2"": 0, ""1"": 0, ""3"": 0, ""0"": 64}"
0,20,age_group,64,64,0,0,1.0,0.0,0.0,"{""2"": 0, ""1"": 0, ""3"": 0, ""0"": 64}"
0,20,occupation,64,64,0,0,1.0,0.0,0.0,"{""2"": 0, ""1"": 0, ""3"": 0, ""0"": 64}"
0,20,zip_code,17,64,47,0,0.265625,0.734375,0.0,"{""2"": 0, ""1"": 0, ""3"": 0, ""0"": 64}"
0,21,movie_id,10924,10929,5,0,0.9995425016012444,0.00045749839875560436,0.0,"{""2"": 0, ""3"": 0, ""1"": 0, ""0"": 10929}"
0,21,movie_rating,10289,10289,0,0,1.0,0.0,0.0,"{""2"": 0, ""3"": 0, ""1"": 0, ""0"": 10289}"
0,21,user_id,0,64,64,0,0.0,1.0,0.0,"{""2"": 0, ""3"": 0, ""1"": 0, ""0"": 64}"
0,21,sex,64,64,0,0,1.0,0.0,0.0,"{""2"": 0, ""3"": 0, ""1"": 0, ""0"": 64}"
0,21,age_group,64,64,0,0,1.0,0.0,0.0,"{""2"": 0, ""3"": 0, ""1"": 0, ""0"": 64}"
0,21,occupation,64,64,0,0,1.0,0.0,0.0,"{""2"": 0, ""3"": 0, ""1"": 0, ""0"": 64}"
0,21,zip_code,28,64,36,0,0.4375,0.5625,0.0,"{""2"": 0, ""3"": 0, ""1"": 0, ""0"": 64}"
0,22,movie_id,9612,9622,10,0,0.9989607150280607,0.0010392849719393059,0.0,"{""2"": 0, ""1"": 0, ""3"": 0, ""0"": 9622}"
0,22,movie_rating,8982,8982,0,0,1.0,0.0,0.0,"{""2"": 0, ""1"": 0, ""3"": 0, ""0"": 8982}"
0,22,user_id,0,64,64,0,0.0,1.0,0.0,"{""2"": 0, ""1"": 0, ""3"": 0, ""0"": 64}"
0,22,sex,64,64,0,0,1.0,0.0,0.0,"{""2"": 0, ""1"": 0, ""3"": 0, ""0"": 64}"
0,22,age_group,64,64,0,0,1.0,0.0,0.0,"{""2"": 0, ""1"": 0, ""3"": 0, ""0"": 64}"
0,22,occupation,64,64,0,0,1.0,0.0,0.0,"{""2"": 0, ""1"": 0, ""3"": 0, ""0"": 64}"
0,22,zip_code,28,64,36,0,0.4375,0.5625,0.0,"{""2"": 0, ""1"": 0, ""3"": 0, ""0"": 64}"
0,23,movie_id,10106,10110,4,0,0.9996043521266074,0.0003956478733926805,0.0,"{""1"": 0, ""0"": 10110, ""2"": 0, ""3"": 0}"
0,23,movie_rating,9470,9470,0,0,1.0,0.0,0.0,"{""1"": 0, ""0"": 9470, ""2"": 0, ""3"": 0}"
0,23,user_id,0,64,64,0,0.0,1.0,0.0,"{""1"": 0, ""0"": 64, ""2"": 0, ""3"": 0}"
0,23,sex,64,64,0,0,1.0,0.0,0.0,"{""1"": 0, ""0"": 64, ""2"": 0, ""3"": 0}"
0,23,age_group,64,64,0,0,1.0,0.0,0.0,"{""1"": 0, ""0"": 64, ""2"": 0, ""3"": 0}"
0,23,occupation,64,64,0,0,1.0,0.0,0.0,"{""1"": 0, ""0"": 64, ""2"": 0, ""3"": 0}"
0,23,zip_code,19,64,45,0,0.296875,0.703125,0.0,"{""1"": 0, ""0"": 64, ""2"": 0, ""3"": 0}"
0,24,movie_id,7844,7847,3,0,0.9996176882885179,0.00038231171148209506,0.0,"{""2"": 0, ""3"": 0, ""0"": 7847, ""1"": 0}"
0,24,movie_rating,7207,7207,0,0,1.0,0.0,0.0,"{""2"": 0, ""3"": 0, ""0"": 7207, ""1"": 0}"
0,24,user_id,0,64,64,0,0.0,1.0,0.0,"{""2"": 0, ""3"": 0, ""0"": 64, ""1"": 0}"
0,24,sex,64,64,0,0,1.0,0.0,0.0,"{""2"": 0, ""3"": 0, ""0"": 64, ""1"": 0}"
0,24,age_group,64,64,0,0,1.0,0.0,0.0,"{""2"": 0, ""3"": 0, ""0"": 64, ""1"": 0}"
0,24,occupation,64,64,0,0,1.0,0.0,0.0,"{""2"": 0, ""3"": 0, ""0"": 64, ""1"": 0}"
0,24,zip_code,23,64,41,0,0.359375,0.640625,0.0,"{""2"": 0, ""3"": 0, ""0"": 64, ""1"": 0}"
0,25,movie_id,11735,11737,2,0,0.9998295987049501,0.00017040129504984237,0.0,"{""2"": 0, ""3"": 0, ""0"": 11737, ""1"": 0}"
0,25,movie_rating,11097,11097,0,0,1.0,0.0,0.0,"{""2"": 0, ""3"": 0, ""0"": 11097, ""1"": 0}"
0,25,user_id,0,64,64,0,0.0,1.0,0.0,"{""2"": 0, ""3"": 0, ""0"": 64, ""1"": 0}"
0,25,sex,64,64,0,0,1.0,0.0,0.0,"{""2"": 0, ""3"": 0, ""0"": 64, ""1"": 0}"
0,25,age_group,64,64,0,0,1.0,0.0,0.0,"{""2"": 0, ""3"": 0, ""0"": 64, ""1"": 0}"
0,25,occupation,64,64,0,0,1.0,0.0,0.0,"{""2"": 0, ""3"": 0, ""0"": 64, ""1"": 0}"
0,25,zip_code,23,64,41,0,0.359375,0.640625,0.0,"{""2"": 0, ""3"": 0, ""0"": 64, ""1"": 0}"
0,26,movie_id,11841,11849,8,0,0.9993248375390328,0.0006751624609671702,0.0,"{""2"": 0, ""3"": 0, ""0"": 11849, ""1"": 0}"
0,26,movie_rating,11209,11209,0,0,1.0,0.0,0.0,"{""2"": 0, ""3"": 0, ""0"": 11209, ""1"": 0}"
0,26,user_id,0,64,64,0,0.0,1.0,0.0,"{""2"": 0, ""3"": 0, ""0"": 64, ""1"": 0}"
0,26,sex,64,64,0,0,1.0,0.0,0.0,"{""2"": 0, ""3"": 0, ""0"": 64, ""1"": 0}"
0,26,age_group,64,64,0,0,1.0,0.0,0.0,"{""2"": 0, ""3"": 0, ""0"": 64, ""1"": 0}"
0,26,occupation,64,64,0,0,1.0,0.0,0.0,"{""2"": 0, ""3"": 0, ""0"": 64, ""1"": 0}"
0,26,zip_code,23,64,41,0,0.359375,0.640625,0.0,"{""2"": 0, ""3"": 0, ""0"": 64, ""1"": 0}"
0,27,movie_id,10009,10018,9,0,0.9991016170892394,0.0008983829107606308,0.0,"{""2"": 0, ""3"": 0, ""0"": 10018, ""1"": 0}"
0,27,movie_rating,9378,9378,0,0,1.0,0.0,0.0,"{""2"": 0, ""3"": 0, ""0"": 9378, ""1"": 0}"
0,27,user_id,0,64,64,0,0.0,1.0,0.0,"{""2"": 0, ""3"": 0, ""0"": 64, ""1"": 0}"
0,27,sex,64,64,0,0,1.0,0.0,0.0,"{""2"": 0, ""3"": 0, ""0"": 64, ""1"": 0}"
0,27,age_group,64,64,0,0,1.0,0.0,0.0,"{""2"": 0, ""3"": 0, ""0"": 64, ""1"": 0}"
0,27,occupation,64,64,0,0,1.0,0.0,0.0,"{""2"": 0, ""3"": 0, ""0"": 64, ""1"": 0}"
0,27,zip_code,22,64,42,0,0.34375,0.65625,0.0,"{""2"": 0, ""3"": 0, ""0"": 64, ""1"": 0}"
0,28,movie_id,8775,8778,3,0,0.9996582365003418,0.0003417634996582365,0.0,"{""2"": 0, ""3"": 0, ""1"": 0, ""0"": 8778}"
0,28,movie_rating,8138,8138,0,0,1.0,0.0,0.0,"{""2"": 0, ""3"": 0, ""1"": 0, ""0"": 8138}"
0,28,user_id,0,64,64,0,0.0,1.0,0.0,"{""2"": 0, ""3"": 0, ""1"": 0, ""0"": 64}"
0,28,sex,64,64,0,0,1.0,0.0,0.0,"{""2"": 0, ""3"": 0, ""1"": 0, ""0"": 64}"
0,28,age_group,64,64,0,0,1.0,0.0,0.0,"{""2"": 0, ""3"": 0, ""1"": 0, ""0"": 64}"
0,28,occupation,64,64,0,0,1.0,0.0,0.0,"{""2"": 0, ""3"": 0, ""1"": 0, ""0"": 64}"
0,28,zip_code,26,64,38,0,0.40625,0.59375,0.0,"{""2"": 0, ""3"": 0, ""1"": 0, ""0"": 64}"
0,29,movie_id,11802,11808,6,0,0.9994918699186992,0.0005081300813008131,0.0,"{""2"": 0, ""3"": 0, ""1"": 0, ""0"": 11808}"
0,29,movie_rating,11168,11168,0,0,1.0,0.0,0.0,"{""2"": 0, ""3"": 0, ""1"": 0, ""0"": 11168}"
0,29,user_id,0,64,64,0,0.0,1.0,0.0,"{""2"": 0, ""3"": 0, ""1"": 0, ""0"": 64}"
0,29,sex,64,64,0,0,1.0,0.0,0.0,"{""2"": 0, ""3"": 0, ""1"": 0, ""0"": 64}"
0,29,age_group,64,64,0,0,1.0,0.0,0.0,"{""2"": 0, ""3"": 0, ""1"": 0, ""0"": 64}"
0,29,occupation,64,64,0,0,1.0,0.0,0.0,"{""2"": 0, ""3"": 0, ""1"": 0, ""0"": 64}"
0,29,zip_code,25,64,39,0,0.390625,0.609375,0.0,"{""2"": 0, ""3"": 0, ""1"": 0, ""0"": 64}"
0,30,movie_id,13601,13603,2,0,0.9998529736087628,0.00014702639123722708,0.0,"{""2"": 0, ""3"": 0, ""1"": 0, ""0"": 13603}"
0,30,movie_rating,12963,12963,0,0,1.0,0.0,0.0,"{""2"": 0, ""3"": 0, ""1"": 0, ""0"": 12963}"
0,30,user_id,0,64,64,0,0.0,1.0,0.0,"{""2"": 0, ""3"": 0, ""1"": 0, ""0"": 64}"
0,30,sex,64,64,0,0,1.0,0.0,0.0,"{""2"": 0, ""3"": 0, ""1"": 0, ""0"": 64}"
0,30,age_group,64,64,0,0,1.0,0.0,0.0,"{""2"": 0, ""3"": 0, ""1"": 0, ""0"": 64}"
0,30,occupation,64,64,0,0,1.0,0.0,0.0,"{""2"": 0, ""3"": 0, ""1"": 0, ""0"": 64}"
0,30,zip_code,18,64,46,0,0.28125,0.71875,0.0,"{""2"": 0, ""3"": 0, ""1"": 0, ""0"": 64}"
0,31,movie_id,9368,9371,3,0,0.9996798634083875,0.0003201365916124213,0.0,"{""3"": 0, ""2"": 0, ""0"": 9371, ""1"": 0}"
0,31,movie_rating,8731,8731,0,0,1.0,0.0,0.0,"{""3"": 0, ""2"": 0, ""0"": 8731, ""1"": 0}"
0,31,user_id,0,64,64,0,0.0,1.0,0.0,"{""3"": 0, ""2"": 0, ""0"": 64, ""1"": 0}"
0,31,sex,64,64,0,0,1.0,0.0,0.0,"{""3"": 0, ""2"": 0, ""0"": 64, ""1"": 0}"
0,31,age_group,64,64,0,0,1.0,0.0,0.0,"{""3"": 0, ""2"": 0, ""0"": 64, ""1"": 0}"
0,31,occupation,64,64,0,0,1.0,0.0,0.0,"{""3"": 0, ""2"": 0, ""0"": 64, ""1"": 0}"
0,31,zip_code,20,64,44,0,0.3125,0.6875,0.0,"{""3"": 0, ""2"": 0, ""0"": 64, ""1"": 0}"
0,32,movie_id,9287,9290,3,0,0.9996770721205598,0.00032292787944025834,0.0,"{""2"": 0, ""3"": 0, ""0"": 9290, ""1"": 0}"
0,32,movie_rating,8650,8650,0,0,1.0,0.0,0.0,"{""2"": 0, ""3"": 0, ""0"": 8650, ""1"": 0}"
0,32,user_id,0,64,64,0,0.0,1.0,0.0,"{""2"": 0, ""3"": 0, ""0"": 64, ""1"": 0}"
0,32,sex,64,64,0,0,1.0,0.0,0.0,"{""2"": 0, ""3"": 0, ""0"": 64, ""1"": 0}"
0,32,age_group,64,64,0,0,1.0,0.0,0.0,"{""2"": 0, ""3"": 0, ""0"": 64, ""1"": 0}"
0,32,occupation,64,64,0,0,1.0,0.0,0.0,"{""2"": 0, ""3"": 0, ""0"": 64, ""1"": 0}"
0,32,zip_code,18,64,46,0,0.28125,0.71875,0.0,"{""2"": 0, ""3"": 0, ""0"": 64, ""1"": 0}"
0,33,movie_id,6411,6415,4,0,0.9993764614185503,0.0006235385814497272,0.0,"{""0"": 6415, ""1"": 0, ""3"": 0, ""2"": 0}"
0,33,movie_rating,5775,5775,0,0,1.0,0.0,0.0,"{""0"": 5775, ""1"": 0, ""3"": 0, ""2"": 0}"
0,33,user_id,0,64,64,0,0.0,1.0,0.0,"{""0"": 64, ""1"": 0, ""3"": 0, ""2"": 0}"
0,33,sex,64,64,0,0,1.0,0.0,0.0,"{""0"": 64, ""1"": 0, ""3"": 0, ""2"": 0}"
0,33,age_group,64,64,0,0,1.0,0.0,0.0,"{""0"": 64, ""1"": 0, ""3"": 0, ""2"": 0}"
0,33,occupation,64,64,0,0,1.0,0.0,0.0,"{""0"": 64, ""1"": 0, ""3"": 0, ""2"": 0}"
0,33,zip_code,26,64,38,0,0.40625,0.59375,0.0,"{""0"": 64, ""1"": 0, ""3"": 0, ""2"": 0}"
0,34,movie_id,9258,9259,1,0,0.9998919969759154,0.00010800302408467438,0.0,"{""2"": 0, ""1"": 0, ""3"": 0, ""0"": 9259}"
0,34,movie_rating,8619,8619,0,0,1.0,0.0,0.0,"{""2"": 0, ""1"": 0, ""3"": 0, ""0"": 8619}"
0,34,user_id,0,64,64,0,0.0,1.0,0.0,"{""2"": 0, ""1"": 0, ""3"": 0, ""0"": 64}"
0,34,sex,64,64,0,0,1.0,0.0,0.0,"{""2"": 0, ""1"": 0, ""3"": 0, ""0"": 64}"
0,34,age_group,64,64,0,0,1.0,0.0,0.0,"{""2"": 0, ""1"": 0, ""3"": 0, ""0"": 64}"
0,34,occupation,64,64,0,0,1.0,0.0,0.0,"{""2"": 0, ""1"": 0, ""3"": 0, ""0"": 64}"
0,34,zip_code,27,64,37,0,0.421875,0.578125,0.0,"{""2"": 0, ""1"": 0, ""3"": 0, ""0"": 64}"
0,35,movie_id,9596,9599,3,0,0.9996874674445255,0.0003125325554745286,0.0,"{""2"": 0, ""1"": 0, ""0"": 9599, ""3"": 0}"
0,35,movie_rating,8959,8959,0,0,1.0,0.0,0.0,"{""2"": 0, ""1"": 0, ""0"": 8959, ""3"": 0}"
0,35,user_id,0,64,64,0,0.0,1.0,0.0,"{""2"": 0, ""1"": 0, ""0"": 64, ""3"": 0}"
0,35,sex,64,64,0,0,1.0,0.0,0.0,"{""2"": 0, ""1"": 0, ""0"": 64, ""3"": 0}"
0,35,age_group,64,64,0,0,1.0,0.0,0.0,"{""2"": 0, ""1"": 0, ""0"": 64, ""3"": 0}"
0,35,occupation,64,64,0,0,1.0,0.0,0.0,"{""2"": 0, ""1"": 0, ""0"": 64, ""3"": 0}"
0,35,zip_code,24,64,40,0,0.375,0.625,0.0,"{""2"": 0, ""1"": 0, ""0"": 64, ""3"": 0}"
0,36,movie_id,10317,10320,3,0,0.9997093023255814,0.00029069767441860465,0.0,"{""3"": 0, ""2"": 0, ""1"": 0, ""0"": 10320}"
0,36,movie_rating,9680,9680,0,0,1.0,0.0,0.0,"{""3"": 0, ""2"": 0, ""1"": 0, ""0"": 9680}"
0,36,user_id,0,64,64,0,0.0,1.0,0.0,"{""3"": 0, ""2"": 0, ""1"": 0, ""0"": 64}"
0,36,sex,64,64,0,0,1.0,0.0,0.0,"{""3"": 0, ""2"": 0, ""1"": 0, ""0"": 64}"
0,36,age_group,64,64,0,0,1.0,0.0,0.0,"{""3"": 0, ""2"": 0, ""1"": 0, ""0"": 64}"
0,36,occupation,64,64,0,0,1.0,0.0,0.0,"{""3"": 0, ""2"": 0, ""1"": 0, ""0"": 64}"
0,36,zip_code,24,64,40,0,0.375,0.625,0.0,"{""3"": 0, ""2"": 0, ""1"": 0, ""0"": 64}"
0,37,movie_id,12911,12917,6,0,0.9995354958581714,0.000464504141828598,0.0,"{""2"": 0, ""1"": 0, ""3"": 0, ""0"": 12917}"
0,37,movie_rating,12277,12277,0,0,1.0,0.0,0.0,"{""2"": 0, ""1"": 0, ""3"": 0, ""0"": 12277}"
0,37,user_id,0,64,64,0,0.0,1.0,0.0,"{""2"": 0, ""1"": 0, ""3"": 0, ""0"": 64}"
0,37,sex,64,64,0,0,1.0,0.0,0.0,"{""2"": 0, ""1"": 0, ""3"": 0, ""0"": 64}"
0,37,age_group,64,64,0,0,1.0,0.0,0.0,"{""2"": 0, ""1"": 0, ""3"": 0, ""0"": 64}"
0,37,occupation,64,64,0,0,1.0,0.0,0.0,"{""2"": 0, ""1"": 0, ""3"": 0, ""0"": 64}"
0,37,zip_code,25,64,39,0,0.390625,0.609375,0.0,"{""2"": 0, ""1"": 0, ""3"": 0, ""0"": 64}"
0,38,movie_id,12841,12848,7,0,0.9994551681195517,0.0005448318804483188,0.0,"{""3"": 0, ""0"": 12848, ""1"": 0, ""2"": 0}"
0,38,movie_rating,12208,12208,0,0,1.0,0.0,0.0,"{""3"": 0, ""0"": 12208, ""1"": 0, ""2"": 0}"
0,38,user_id,0,64,64,0,0.0,1.0,0.0,"{""3"": 0, ""0"": 64, ""1"": 0, ""2"": 0}"
0,38,sex,64,64,0,0,1.0,0.0,0.0,"{""3"": 0, ""0"": 64, ""1"": 0, ""2"": 0}"
0,38,age_group,64,64,0,0,1.0,0.0,0.0,"{""3"": 0, ""0"": 64, ""1"": 0, ""2"": 0}"
0,38,occupation,64,64,0,0,1.0,0.0,0.0,"{""3"": 0, ""0"": 64, ""1"": 0, ""2"": 0}"
0,38,zip_code,30,64,34,0,0.46875,0.53125,0.0,"{""3"": 0, ""0"": 64, ""1"": 0, ""2"": 0}"
0,39,movie_id,13587,13588,1,0,0.9999264056520459,7.359434795407713e-05,0.0,"{""2"": 0, ""1"": 0, ""0"": 13588, ""3"": 0}"
0,39,movie_rating,12948,12948,0,0,1.0,0.0,0.0,"{""2"": 0, ""1"": 0, ""0"": 12948, ""3"": 0}"
0,39,user_id,0,64,64,0,0.0,1.0,0.0,"{""2"": 0, ""1"": 0, ""0"": 64, ""3"": 0}"
0,39,sex,64,64,0,0,1.0,0.0,0.0,"{""2"": 0, ""1"": 0, ""0"": 64, ""3"": 0}"
0,39,age_group,64,64,0,0,1.0,0.0,0.0,"{""2"": 0, ""1"": 0, ""0"": 64, ""3"": 0}"
0,39,occupation,64,64,0,0,1.0,0.0,0.0,"{""2"": 0, ""1"": 0, ""0"": 64, ""3"": 0}"
0,39,zip_code,24,64,40,0,0.375,0.625,0.0,"{""2"": 0, ""1"": 0, ""0"": 64, ""3"": 0}"
0,40,movie_id,11168,11171,3,0,0.9997314474979858,0.00026855250201414377,0.0,"{""2"": 0, ""3"": 0, ""0"": 11171, ""1"": 0}"
0,40,movie_rating,10531,10531,0,0,1.0,0.0,0.0,"{""2"": 0, ""3"": 0, ""0"": 10531, ""1"": 0}"
0,40,user_id,0,64,64,0,0.0,1.0,0.0,"{""2"": 0, ""3"": 0, ""0"": 64, ""1"": 0}"
0,40,sex,64,64,0,0,1.0,0.0,0.0,"{""2"": 0, ""3"": 0, ""0"": 64, ""1"": 0}"
0,40,age_group,64,64,0,0,1.0,0.0,0.0,"{""2"": 0, ""3"": 0, ""0"": 64, ""1"": 0}"
0,40,occupation,64,64,0,0,1.0,0.0,0.0,"{""2"": 0, ""3"": 0, ""0"": 64, ""1"": 0}"
0,40,zip_code,28,64,36,0,0.4375,0.5625,0.0,"{""2"": 0, ""3"": 0, ""0"": 64, ""1"": 0}"
0,41,movie_id,8682,8684,2,0,0.9997696913864579,0.00023030861354214648,0.0,"{""2"": 0, ""1"": 0, ""0"": 8684, ""3"": 0}"
0,41,movie_rating,8044,8044,0,0,1.0,0.0,0.0,"{""2"": 0, ""1"": 0, ""0"": 8044, ""3"": 0}"
0,41,user_id,0,64,64,0,0.0,1.0,0.0,"{""2"": 0, ""1"": 0, ""0"": 64, ""3"": 0}"
0,41,sex,64,64,0,0,1.0,0.0,0.0,"{""2"": 0, ""1"": 0, ""0"": 64, ""3"": 0}"
0,41,age_group,64,64,0,0,1.0,0.0,0.0,"{""2"": 0, ""1"": 0, ""0"": 64, ""3"": 0}"
0,41,occupation,64,64,0,0,1.0,0.0,0.0,"{""2"": 0, ""1"": 0, ""0"": 64, ""3"": 0}"
0,41,zip_code,24,64,40,0,0.375,0.625,0.0,"{""2"": 0, ""1"": 0, ""0"": 64, ""3"": 0}"
0,42,movie_id,12075,12082,7,0,0.9994206257242179,0.0005793742757821553,0.0,"{""2"": 0, ""1"": 0, ""0"": 12082, ""3"": 0}"
0,42,movie_rating,11442,11442,0,0,1.0,0.0,0.0,"{""2"": 0, ""1"": 0, ""0"": 11442, ""3"": 0}"
0,42,user_id,0,64,64,0,0.0,1.0,0.0,"{""2"": 0, ""1"": 0, ""0"": 64, ""3"": 0}"
0,42,sex,64,64,0,0,1.0,0.0,0.0,"{""2"": 0, ""1"": 0, ""0"": 64, ""3"": 0}"
0,42,age_group,64,64,0,0,1.0,0.0,0.0,"{""2"": 0, ""1"": 0, ""0"": 64, ""3"": 0}"
0,42,occupation,64,64,0,0,1.0,0.0,0.0,"{""2"": 0, ""1"": 0, ""0"": 64, ""3"": 0}"
0,42,zip_code,29,64,35,0,0.453125,0.546875,0.0,"{""2"": 0, ""1"": 0, ""0"": 64, ""3"": 0}"
0,43,movie_id,9936,9936,0,0,1.0,0.0,0.0,"{""2"": 0, ""0"": 9936, ""3"": 0, ""1"": 0}"
0,43,movie_rating,9296,9296,0,0,1.0,0.0,0.0,"{""2"": 0, ""0"": 9296, ""3"": 0, ""1"": 0}"
0,43,user_id,0,64,64,0,0.0,1.0,0.0,"{""2"": 0, ""0"": 64, ""3"": 0, ""1"": 0}"
0,43,sex,64,64,0,0,1.0,0.0,0.0,"{""2"": 0, ""0"": 64, ""3"": 0, ""1"": 0}"
0,43,age_group,64,64,0,0,1.0,0.0,0.0,"{""2"": 0, ""0"": 64, ""3"": 0, ""1"": 0}"
0,43,occupation,64,64,0,0,1.0,0.0,0.0,"{""2"": 0, ""0"": 64, ""3"": 0, ""1"": 0}"
0,43,zip_code,27,64,37,0,0.421875,0.578125,0.0,"{""2"": 0, ""0"": 64, ""3"": 0, ""1"": 0}"
0,44,movie_id,9977,9978,1,0,0.9998997795149328,0.00010022048506714773,0.0,"{""3"": 0, ""0"": 9978, ""2"": 0, ""1"": 0}"
0,44,movie_rating,9338,9338,0,0,1.0,0.0,0.0,"{""3"": 0, ""0"": 9338, ""2"": 0, ""1"": 0}"
0,44,user_id,0,64,64,0,0.0,1.0,0.0,"{""3"": 0, ""0"": 64, ""2"": 0, ""1"": 0}"
0,44,sex,64,64,0,0,1.0,0.0,0.0,"{""3"": 0, ""0"": 64, ""2"": 0, ""1"": 0}"
0,44,age_group,64,64,0,0,1.0,0.0,0.0,"{""3"": 0, ""0"": 64, ""2"": 0, ""1"": 0}"
0,44,occupation,64,64,0,0,1.0,0.0,0.0,"{""3"": 0, ""0"": 64, ""2"": 0, ""1"": 0}"
0,44,zip_code,35,64,29,0,0.546875,0.453125,0.0,"{""3"": 0, ""0"": 64, ""2"": 0, ""1"": 0}"
0,45,movie_id,9411,9412,1,0,0.9998937526561836,0.00010624734381640459,0.0,"{""2"": 0, ""3"": 0, ""0"": 9412, ""1"": 0}"
0,45,movie_rating,8772,8772,0,0,1.0,0.0,0.0,"{""2"": 0, ""3"": 0, ""0"": 8772, ""1"": 0}"
0,45,user_id,0,64,64,0,0.0,1.0,0.0,"{""2"": 0, ""3"": 0, ""0"": 64, ""1"": 0}"
0,45,sex,64,64,0,0,1.0,0.0,0.0,"{""2"": 0, ""3"": 0, ""0"": 64, ""1"": 0}"
0,45,age_group,64,64,0,0,1.0,0.0,0.0,"{""2"": 0, ""3"": 0, ""0"": 64, ""1"": 0}"
0,45,occupation,64,64,0,0,1.0,0.0,0.0,"{""2"": 0, ""3"": 0, ""0"": 64, ""1"": 0}"
0,45,zip_code,36,64,28,0,0.5625,0.4375,0.0,"{""2"": 0, ""3"": 0, ""0"": 64, ""1"": 0}"
0,46,movie_id,14306,14310,4,0,0.9997204751921733,0.0002795248078266946,0.0,"{""2"": 0, ""3"": 0, ""1"": 0, ""0"": 14310}"
0,46,movie_rating,13670,13670,0,0,1.0,0.0,0.0,"{""2"": 0, ""3"": 0, ""1"": 0, ""0"": 13670}"
0,46,user_id,0,64,64,0,0.0,1.0,0.0,"{""2"": 0, ""3"": 0, ""1"": 0, ""0"": 64}"
0,46,sex,64,64,0,0,1.0,0.0,0.0,"{""2"": 0, ""3"": 0, ""1"": 0, ""0"": 64}"
0,46,age_group,64,64,0,0,1.0,0.0,0.0,"{""2"": 0, ""3"": 0, ""1"": 0, ""0"": 64}"
0,46,occupation,64,64,0,0,1.0,0.0,0.0,"{""2"": 0, ""3"": 0, ""1"": 0, ""0"": 64}"
0,46,zip_code,26,64,38,0,0.40625,0.59375,0.0,"{""2"": 0, ""3"": 0, ""1"": 0, ""0"": 64}"
0,47,movie_id,9231,9232,1,0,0.9998916811091855,0.00010831889081455805,0.0,"{""2"": 0, ""3"": 0, ""1"": 0, ""0"": 9232}"
0,47,movie_rating,8592,8592,0,0,1.0,0.0,0.0,"{""2"": 0, ""3"": 0, ""1"": 0, ""0"": 8592}"
0,47,user_id,0,64,64,0,0.0,1.0,0.0,"{""2"": 0, ""3"": 0, ""1"": 0, ""0"": 64}"
0,47,sex,64,64,0,0,1.0,0.0,0.0,"{""2"": 0, ""3"": 0, ""1"": 0, ""0"": 64}"
0,47,age_group,64,64,0,0,1.0,0.0,0.0,"{""2"": 0, ""3"": 0, ""1"": 0, ""0"": 64}"
0,47,occupation,64,64,0,0,1.0,0.0,0.0,"{""2"": 0, ""3"": 0, ""1"": 0, ""0"": 64}"
0,47,zip_code,26,64,38,0,0.40625,0.59375,0.0,"{""2"": 0, ""3"": 0, ""1"": 0, ""0"": 64}"
0,48,movie_id,11261,11263,2,0,0.9998224274172068,0.00017757258279321673,0.0,"{""2"": 0, ""0"": 11263, ""1"": 0, ""3"": 0}"
0,48,movie_rating,10623,10623,0,0,1.0,0.0,0.0,"{""2"": 0, ""0"": 10623, ""1"": 0, ""3"": 0}"
0,48,user_id,0,64,64,0,0.0,1.0,0.0,"{""2"": 0, ""0"": 64, ""1"": 0, ""3"": 0}"
0,48,sex,64,64,0,0,1.0,0.0,0.0,"{""2"": 0, ""0"": 64, ""1"": 0, ""3"": 0}"
0,48,age_group,64,64,0,0,1.0,0.0,0.0,"{""2"": 0, ""0"": 64, ""1"": 0, ""3"": 0}"
0,48,occupation,64,64,0,0,1.0,0.0,0.0,"{""2"": 0, ""0"": 64, ""1"": 0, ""3"": 0}"
0,48,zip_code,35,64,29,0,0.546875,0.453125,0.0,"{""2"": 0, ""0"": 64, ""1"": 0, ""3"": 0}"
0,49,movie_id,10423,10427,4,0,0.999616380550494,0.00038361944950609,0.0,"{""2"": 0, ""0"": 10427, ""1"": 0, ""3"": 0}"
0,49,movie_rating,9787,9787,0,0,1.0,0.0,0.0,"{""2"": 0, ""0"": 9787, ""1"": 0, ""3"": 0}"
0,49,user_id,0,64,64,0,0.0,1.0,0.0,"{""2"": 0, ""0"": 64, ""1"": 0, ""3"": 0}"
0,49,sex,64,64,0,0,1.0,0.0,0.0,"{""2"": 0, ""0"": 64, ""1"": 0, ""3"": 0}"
0,49,age_group,64,64,0,0,1.0,0.0,0.0,"{""2"": 0, ""0"": 64, ""1"": 0, ""3"": 0}"
0,49,occupation,64,64,0,0,1.0,0.0,0.0,"{""2"": 0, ""0"": 64, ""1"": 0, ""3"": 0}"
0,49,zip_code,26,64,38,0,0.40625,0.59375,0.0,"{""2"": 0, ""0"": 64, ""1"": 0, ""3"": 0}"
0,50,movie_id,11273,11273,0,0,1.0,0.0,0.0,"{""2"": 0, ""3"": 0, ""0"": 11273, ""1"": 0}"
0,50,movie_rating,10633,10633,0,0,1.0,0.0,0.0,"{""2"": 0, ""3"": 0, ""0"": 10633, ""1"": 0}"
0,50,user_id,0,64,64,0,0.0,1.0,0.0,"{""2"": 0, ""3"": 0, ""0"": 64, ""1"": 0}"
0,50,sex,64,64,0,0,1.0,0.0,0.0,"{""2"": 0, ""3"": 0, ""0"": 64, ""1"": 0}"
0,50,age_group,64,64,0,0,1.0,0.0,0.0,"{""2"": 0, ""3"": 0, ""0"": 64, ""1"": 0}"
0,50,occupation,64,64,0,0,1.0,0.0,0.0,"{""2"": 0, ""3"": 0, ""0"": 64, ""1"": 0}"
0,50,zip_code,42,64,22,0,0.65625,0.34375,0.0,"{""2"": 0, ""3"": 0, ""0"": 64, ""1"": 0}"
0,51,movie_id,12128,12130,2,0,0.9998351195383347,0.00016488046166529267,0.0,"{""2"": 0, ""3"": 0, ""0"": 12130, ""1"": 0}"
0,51,movie_rating,11490,11490,0,0,1.0,0.0,0.0,"{""2"": 0, ""3"": 0, ""0"": 11490, ""1"": 0}"
0,51,user_id,0,64,64,0,0.0,1.0,0.0,"{""2"": 0, ""3"": 0, ""0"": 64, ""1"": 0}"
0,51,sex,64,64,0,0,1.0,0.0,0.0,"{""2"": 0, ""3"": 0, ""0"": 64, ""1"": 0}"
0,51,age_group,64,64,0,0,1.0,0.0,0.0,"{""2"": 0, ""3"": 0, ""0"": 64, ""1"": 0}"
0,51,occupation,64,64,0,0,1.0,0.0,0.0,"{""2"": 0, ""3"": 0, ""0"": 64, ""1"": 0}"
0,51,zip_code,28,64,36,0,0.4375,0.5625,0.0,"{""2"": 0, ""3"": 0, ""0"": 64, ""1"": 0}"
0,52,movie_id,10262,10265,3,0,0.9997077447637603,0.0002922552362396493,0.0,"{""2"": 0, ""1"": 0, ""3"": 0, ""0"": 10265}"
0,52,movie_rating,9625,9625,0,0,1.0,0.0,0.0,"{""2"": 0, ""1"": 0, ""3"": 0, ""0"": 9625}"
0,52,user_id,0,64,64,0,0.0,1.0,0.0,"{""2"": 0, ""1"": 0, ""3"": 0, ""0"": 64}"
0,52,sex,64,64,0,0,1.0,0.0,0.0,"{""2"": 0, ""1"": 0, ""3"": 0, ""0"": 64}"
0,52,age_group,64,64,0,0,1.0,0.0,0.0,"{""2"": 0, ""1"": 0, ""3"": 0, ""0"": 64}"
0,52,occupation,64,64,0,0,1.0,0.0,0.0,"{""2"": 0, ""1"": 0, ""3"": 0, ""0"": 64}"
0,52,zip_code,39,64,25,0,0.609375,0.390625,0.0,"{""2"": 0, ""1"": 0, ""3"": 0, ""0"": 64}"
0,53,movie_id,13205,13210,5,0,0.9996214988644966,0.0003785011355034065,0.0,"{""2"": 0, ""3"": 0, ""1"": 0, ""0"": 13210}"
0,53,movie_rating,12570,12570,0,0,1.0,0.0,0.0,"{""2"": 0, ""3"": 0, ""1"": 0, ""0"": 12570}"
0,53,user_id,0,64,64,0,0.0,1.0,0.0,"{""2"": 0, ""3"": 0, ""1"": 0, ""0"": 64}"
0,53,sex,64,64,0,0,1.0,0.0,0.0,"{""2"": 0, ""3"": 0, ""1"": 0, ""0"": 64}"
0,53,age_group,64,64,0,0,1.0,0.0,0.0,"{""2"": 0, ""3"": 0, ""1"": 0, ""0"": 64}"
0,53,occupation,64,64,0,0,1.0,0.0,0.0,"{""2"": 0, ""3"": 0, ""1"": 0, ""0"": 64}"
0,53,zip_code,32,64,32,0,0.5,0.5,0.0,"{""2"": 0, ""3"": 0, ""1"": 0, ""0"": 64}"
0,54,movie_id,9041,9041,0,0,1.0,0.0,0.0,"{""2"": 0, ""1"": 0, ""3"": 0, ""0"": 9041}"
0,54,movie_rating,8401,8401,0,0,1.0,0.0,0.0,"{""2"": 0, ""1"": 0, ""3"": 0, ""0"": 8401}"
0,54,user_id,0,64,64,0,0.0,1.0,0.0,"{""2"": 0, ""1"": 0, ""3"": 0, ""0"": 64}"
0,54,sex,64,64,0,0,1.0,0.0,0.0,"{""2"": 0, ""1"": 0, ""3"": 0, ""0"": 64}"
0,54,age_group,64,64,0,0,1.0,0.0,0.0,"{""2"": 0, ""1"": 0, ""3"": 0, ""0"": 64}"
0,54,occupation,64,64,0,0,1.0,0.0,0.0,"{""2"": 0, ""1"": 0, ""3"": 0, ""0"": 64}"
0,54,zip_code,30,64,34,0,0.46875,0.53125,0.0,"{""2"": 0, ""1"": 0, ""3"": 0, ""0"": 64}"
0,55,movie_id,11329,11330,1,0,0.9999117387466901,8.8261253309797e-05,0.0,"{""2"": 0, ""3"": 0, ""1"": 0, ""0"": 11330}"
0,55,movie_rating,10690,10690,0,0,1.0,0.0,0.0,"{""2"": 0, ""3"": 0, ""1"": 0, ""0"": 10690}"
0,55,user_id,0,64,64,0,0.0,1.0,0.0,"{""2"": 0, ""3"": 0, ""1"": 0, ""0"": 64}"
0,55,sex,64,64,0,0,1.0,0.0,0.0,"{""2"": 0, ""3"": 0, ""1"": 0, ""0"": 64}"
0,55,age_group,64,64,0,0,1.0,0.0,0.0,"{""2"": 0, ""3"": 0, ""1"": 0, ""0"": 64}"
0,55,occupation,64,64,0,0,1.0,0.0,0.0,"{""2"": 0, ""3"": 0, ""1"": 0, ""0"": 64}"
0,55,zip_code,31,64,33,0,0.484375,0.515625,0.0,"{""2"": 0, ""3"": 0, ""1"": 0, ""0"": 64}"
0,56,movie_id,11499,11501,2,0,0.9998261020780802,0.00017389792191983307,0.0,"{""2"": 0, ""3"": 0, ""1"": 0, ""0"": 11501}"
0,56,movie_rating,10861,10861,0,0,1.0,0.0,0.0,"{""2"": 0, ""3"": 0, ""1"": 0, ""0"": 10861}"
0,56,user_id,0,64,64,0,0.0,1.0,0.0,"{""2"": 0, ""3"": 0, ""1"": 0, ""0"": 64}"
0,56,sex,64,64,0,0,1.0,0.0,0.0,"{""2"": 0, ""3"": 0, ""1"": 0, ""0"": 64}"
0,56,age_group,64,64,0,0,1.0,0.0,0.0,"{""2"": 0, ""3"": 0, ""1"": 0, ""0"": 64}"
0,56,occupation,64,64,0,0,1.0,0.0,0.0,"{""2"": 0, ""3"": 0, ""1"": 0, ""0"": 64}"
0,56,zip_code,36,64,28,0,0.5625,0.4375,0.0,"{""2"": 0, ""3"": 0, ""1"": 0, ""0"": 64}"
0,57,movie_id,8940,8941,1,0,0.9998881556872833,0.00011184431271669836,0.0,"{""2"": 0, ""3"": 0, ""1"": 0, ""0"": 8941}"
0,57,movie_rating,8301,8301,0,0,1.0,0.0,0.0,"{""2"": 0, ""3"": 0, ""1"": 0, ""0"": 8301}"
0,57,user_id,0,64,64,0,0.0,1.0,0.0,"{""2"": 0, ""3"": 0, ""1"": 0, ""0"": 64}"
0,57,sex,64,64,0,0,1.0,0.0,0.0,"{""2"": 0, ""3"": 0, ""1"": 0, ""0"": 64}"
0,57,age_group,64,64,0,0,1.0,0.0,0.0,"{""2"": 0, ""3"": 0, ""1"": 0, ""0"": 64}"
0,57,occupation,64,64,0,0,1.0,0.0,0.0,"{""2"": 0, ""3"": 0, ""1"": 0, ""0"": 64}"
0,57,zip_code,33,64,31,0,0.515625,0.484375,0.0,"{""2"": 0, ""3"": 0, ""1"": 0, ""0"": 64}"
0,58,movie_id,9220,9220,0,0,1.0,0.0,0.0,"{""2"": 0, ""3"": 0, ""1"": 0, ""0"": 9220}"
0,58,movie_rating,8580,8580,0,0,1.0,0.0,0.0,"{""2"": 0, ""3"": 0, ""1"": 0, ""0"": 8580}"
0,58,user_id,0,64,64,0,0.0,1.0,0.0,"{""2"": 0, ""3"": 0, ""1"": 0, ""0"": 64}"
0,58,sex,64,64,0,0,1.0,0.0,0.0,"{""2"": 0, ""3"": 0, ""1"": 0, ""0"": 64}"
0,58,age_group,64,64,0,0,1.0,0.0,0.0,"{""2"": 0, ""3"": 0, ""1"": 0, ""0"": 64}"
0,58,occupation,64,64,0,0,1.0,0.0,0.0,"{""2"": 0, ""3"": 0, ""1"": 0, ""0"": 64}"
0,58,zip_code,32,64,32,0,0.5,0.5,0.0,"{""2"": 0, ""3"": 0, ""1"": 0, ""0"": 64}"
0,59,movie_id,11551,11551,0,0,1.0,0.0,0.0,"{""2"": 0, ""1"": 0, ""3"": 0, ""0"": 11551}"
0,59,movie_rating,10911,10911,0,0,1.0,0.0,0.0,"{""2"": 0, ""1"": 0, ""3"": 0, ""0"": 10911}"
0,59,user_id,0,64,64,0,0.0,1.0,0.0,"{""2"": 0, ""1"": 0, ""3"": 0, ""0"": 64}"
0,59,sex,64,64,0,0,1.0,0.0,0.0,"{""2"": 0, ""1"": 0, ""3"": 0, ""0"": 64}"
0,59,age_group,64,64,0,0,1.0,0.0,0.0,"{""2"": 0, ""1"": 0, ""3"": 0, ""0"": 64}"
0,59,occupation,64,64,0,0,1.0,0.0,0.0,"{""2"": 0, ""1"": 0, ""3"": 0, ""0"": 64}"
0,59,zip_code,36,64,28,0,0.5625,0.4375,0.0,"{""2"": 0, ""1"": 0, ""3"": 0, ""0"": 64}"
0,60,movie_id,11768,11768,0,0,1.0,0.0,0.0,"{""2"": 0, ""1"": 0, ""3"": 0, ""0"": 11768}"
0,60,movie_rating,11128,11128,0,0,1.0,0.0,0.0,"{""2"": 0, ""1"": 0, ""3"": 0, ""0"": 11128}"
0,60,user_id,0,64,64,0,0.0,1.0,0.0,"{""2"": 0, ""1"": 0, ""3"": 0, ""0"": 64}"
0,60,sex,64,64,0,0,1.0,0.0,0.0,"{""2"": 0, ""1"": 0, ""3"": 0, ""0"": 64}"
0,60,age_group,64,64,0,0,1.0,0.0,0.0,"{""2"": 0, ""1"": 0, ""3"": 0, ""0"": 64}"
0,60,occupation,64,64,0,0,1.0,0.0,0.0,"{""2"": 0, ""1"": 0, ""3"": 0, ""0"": 64}"
0,60,zip_code,33,64,31,0,0.515625,0.484375,0.0,"{""2"": 0, ""1"": 0, ""3"": 0, ""0"": 64}"
0,61,movie_id,8982,8983,1,0,0.999888678615162,0.00011132138483802739,0.0,"{""2"": 0, ""1"": 0, ""0"": 8983, ""3"": 0}"
0,61,movie_rating,8343,8343,0,0,1.0,0.0,0.0,"{""2"": 0, ""1"": 0, ""0"": 8343, ""3"": 0}"
0,61,user_id,0,64,64,0,0.0,1.0,0.0,"{""2"": 0, ""1"": 0, ""0"": 64, ""3"": 0}"
0,61,sex,64,64,0,0,1.0,0.0,0.0,"{""2"": 0, ""1"": 0, ""0"": 64, ""3"": 0}"
0,61,age_group,64,64,0,0,1.0,0.0,0.0,"{""2"": 0, ""1"": 0, ""0"": 64, ""3"": 0}"
0,61,occupation,64,64,0,0,1.0,0.0,0.0,"{""2"": 0, ""1"": 0, ""0"": 64, ""3"": 0}"
0,61,zip_code,34,64,30,0,0.53125,0.46875,0.0,"{""2"": 0, ""1"": 0, ""0"": 64, ""3"": 0}"
0,62,movie_id,10523,10524,1,0,0.999904979095401,9.502090459901178e-05,0.0,"{""3"": 0, ""2"": 0, ""1"": 0, ""0"": 10524}"
0,62,movie_rating,9884,9884,0,0,1.0,0.0,0.0,"{""3"": 0, ""2"": 0, ""1"": 0, ""0"": 9884}"
0,62,user_id,0,64,64,0,0.0,1.0,0.0,"{""3"": 0, ""2"": 0, ""1"": 0, ""0"": 64}"
0,62,sex,64,64,0,0,1.0,0.0,0.0,"{""3"": 0, ""2"": 0, ""1"": 0, ""0"": 64}"
0,62,age_group,64,64,0,0,1.0,0.0,0.0,"{""3"": 0, ""2"": 0, ""1"": 0, ""0"": 64}"
0,62,occupation,64,64,0,0,1.0,0.0,0.0,"{""3"": 0, ""2"": 0, ""1"": 0, ""0"": 64}"
0,62,zip_code,34,64,30,0,0.53125,0.46875,0.0,"{""3"": 0, ""2"": 0, ""1"": 0, ""0"": 64}"
0,63,movie_id,11410,11412,2,0,0.9998247458815283,0.0001752541184717841,0.0,"{""2"": 0, ""3"": 0, ""0"": 11412, ""1"": 0}"
0,63,movie_rating,10772,10772,0,0,1.0,0.0,0.0,"{""2"": 0, ""3"": 0, ""0"": 10772, ""1"": 0}"
0,63,user_id,0,64,64,0,0.0,1.0,0.0,"{""2"": 0, ""3"": 0, ""0"": 64, ""1"": 0}"
0,63,sex,64,64,0,0,1.0,0.0,0.0,"{""2"": 0, ""3"": 0, ""0"": 64, ""1"": 0}"
0,63,age_group,64,64,0,0,1.0,0.0,0.0,"{""2"": 0, ""3"": 0, ""0"": 64, ""1"": 0}"
0,63,occupation,64,64,0,0,1.0,0.0,0.0,"{""2"": 0, ""3"": 0, ""0"": 64, ""1"": 0}"
0,63,zip_code,37,64,27,0,0.578125,0.421875,0.0,"{""2"": 0, ""3"": 0, ""0"": 64, ""1"": 0}"
0,64,movie_id,8292,8293,1,0,0.9998794163752562,0.0001205836247437598,0.0,"{""2"": 0, ""3"": 0, ""1"": 0, ""0"": 8293}"
0,64,movie_rating,7653,7653,0,0,1.0,0.0,0.0,"{""2"": 0, ""3"": 0, ""1"": 0, ""0"": 7653}"
0,64,user_id,0,64,64,0,0.0,1.0,0.0,"{""2"": 0, ""3"": 0, ""1"": 0, ""0"": 64}"
0,64,sex,64,64,0,0,1.0,0.0,0.0,"{""2"": 0, ""3"": 0, ""1"": 0, ""0"": 64}"
0,64,age_group,64,64,0,0,1.0,0.0,0.0,"{""2"": 0, ""3"": 0, ""1"": 0, ""0"": 64}"
0,64,occupation,64,64,0,0,1.0,0.0,0.0,"{""2"": 0, ""3"": 0, ""1"": 0, ""0"": 64}"
0,64,zip_code,40,64,24,0,0.625,0.375,0.0,"{""2"": 0, ""3"": 0, ""1"": 0, ""0"": 64}"
0,65,movie_id,8581,8582,1,0,0.9998834770449778,0.00011652295502213937,0.0,"{""2"": 0, ""3"": 0, ""1"": 0, ""0"": 8582}"
0,65,movie_rating,7942,7942,0,0,1.0,0.0,0.0,"{""2"": 0, ""3"": 0, ""1"": 0, ""0"": 7942}"
0,65,user_id,0,64,64,0,0.0,1.0,0.0,"{""2"": 0, ""3"": 0, ""1"": 0, ""0"": 64}"
0,65,sex,64,64,0,0,1.0,0.0,0.0,"{""2"": 0, ""3"": 0, ""1"": 0, ""0"": 64}"
0,65,age_group,64,64,0,0,1.0,0.0,0.0,"{""2"": 0, ""3"": 0, ""1"": 0, ""0"": 64}"
0,65,occupation,64,64,0,0,1.0,0.0,0.0,"{""2"": 0, ""3"": 0, ""1"": 0, ""0"": 64}"
0,65,zip_code,29,64,35,0,0.453125,0.546875,0.0,"{""2"": 0, ""3"": 0, ""1"": 0, ""0"": 64}"
0,66,movie_id,10726,10729,3,0,0.9997203840059652,0.0002796159940348588,0.0,"{""2"": 0, ""3"": 0, ""1"": 0, ""0"": 10729}"
0,66,movie_rating,10089,10089,0,0,1.0,0.0,0.0,"{""2"": 0, ""3"": 0, ""1"": 0, ""0"": 10089}"
0,66,user_id,0,64,64,0,0.0,1.0,0.0,"{""2"": 0, ""3"": 0, ""1"": 0, ""0"": 64}"
0,66,sex,64,64,0,0,1.0,0.0,0.0,"{""2"": 0, ""3"": 0, ""1"": 0, ""0"": 64}"
0,66,age_group,64,64,0,0,1.0,0.0,0.0,"{""2"": 0, ""3"": 0, ""1"": 0, ""0"": 64}"
0,66,occupation,64,64,0,0,1.0,0.0,0.0,"{""2"": 0, ""3"": 0, ""1"": 0, ""0"": 64}"
0,66,zip_code,31,64,33,0,0.484375,0.515625,0.0,"{""2"": 0, ""3"": 0, ""1"": 0, ""0"": 64}"
0,67,movie_id,11397,11398,1,0,0.9999122653097035,8.773469029654326e-05,0.0,"{""2"": 0, ""3"": 0, ""1"": 0, ""0"": 11398}"
0,67,movie_rating,10758,10758,0,0,1.0,0.0,0.0,"{""2"": 0, ""3"": 0, ""1"": 0, ""0"": 10758}"
0,67,user_id,0,64,64,0,0.0,1.0,0.0,"{""2"": 0, ""3"": 0, ""1"": 0, ""0"": 64}"
0,67,sex,64,64,0,0,1.0,0.0,0.0,"{""2"": 0, ""3"": 0, ""1"": 0, ""0"": 64}"
0,67,age_group,64,64,0,0,1.0,0.0,0.0,"{""2"": 0, ""3"": 0, ""1"": 0, ""0"": 64}"
0,67,occupation,64,64,0,0,1.0,0.0,0.0,"{""2"": 0, ""3"": 0, ""1"": 0, ""0"": 64}"
0,67,zip_code,40,64,24,0,0.625,0.375,0.0,"{""2"": 0, ""3"": 0, ""1"": 0, ""0"": 64}"
0,68,movie_id,13862,13863,1,0,0.9999278655413691,7.213445863088797e-05,0.0,"{""3"": 0, ""0"": 13863, ""2"": 0, ""1"": 0}"
0,68,movie_rating,13223,13223,0,0,1.0,0.0,0.0,"{""3"": 0, ""0"": 13223, ""2"": 0, ""1"": 0}"
0,68,user_id,0,64,64,0,0.0,1.0,0.0,"{""3"": 0, ""0"": 64, ""2"": 0, ""1"": 0}"
0,68,sex,64,64,0,0,1.0,0.0,0.0,"{""3"": 0, ""0"": 64, ""2"": 0, ""1"": 0}"
0,68,age_group,64,64,0,0,1.0,0.0,0.0,"{""3"": 0, ""0"": 64, ""2"": 0, ""1"": 0}"
0,68,occupation,64,64,0,0,1.0,0.0,0.0,"{""3"": 0, ""0"": 64, ""2"": 0, ""1"": 0}"
0,68,zip_code,32,64,32,0,0.5,0.5,0.0,"{""3"": 0, ""0"": 64, ""2"": 0, ""1"": 0}"
0,69,movie_id,7829,7831,2,0,0.9997446047758907,0.00025539522410930913,0.0,"{""2"": 0, ""0"": 7831, ""1"": 0, ""3"": 0}"
0,69,movie_rating,7191,7191,0,0,1.0,0.0,0.0,"{""2"": 0, ""0"": 7191, ""1"": 0, ""3"": 0}"
0,69,user_id,0,64,64,0,0.0,1.0,0.0,"{""2"": 0, ""0"": 64, ""1"": 0, ""3"": 0}"
0,69,sex,64,64,0,0,1.0,0.0,0.0,"{""2"": 0, ""0"": 64, ""1"": 0, ""3"": 0}"
0,69,age_group,64,64,0,0,1.0,0.0,0.0,"{""2"": 0, ""0"": 64, ""1"": 0, ""3"": 0}"
0,69,occupation,64,64,0,0,1.0,0.0,0.0,"{""2"": 0, ""0"": 64, ""1"": 0, ""3"": 0}"
0,69,zip_code,36,64,28,0,0.5625,0.4375,0.0,"{""2"": 0, ""0"": 64, ""1"": 0, ""3"": 0}"
